word&$,|server_id
a&$,|
abi&$,|
account&$,|
address&$,|
answer&$,|
apple2&$,|
awesome&$,|
balance&$,|
be&$,|
blockchain&$,|
can&$,|
certain&$,|
compile&$,|
contract&$,|
contracts&$,|
crates&$,|
criteria&$,|
dapp&$,|
days&$,|
development&$,|
differently&$,|
do&$,|
ethereum&$,|
extra&$,|
faucet&$,|
flags&$,|
forward&$,|
gas&$,|
github&$,|
have&$,|
how&$,|
implementation&$,|
initialBalance&$,|
javascript&$,|
let&$,|
limiter&$,|
looking&$,|
mainnet&$,|
ncd&$,|
need&$,|
possible&$,|
project&$,|
purposes&$,|
question&$,|
rate&$,|
request&$,|
rpc&$,|
rust&$,|
see&$,|
set&$,|
should&$,|
smart&$,|
software&$,|
solidity&$,|
spam&$,|
step&$,|
submitted&$,|
Tags&$,|
target&$,|
testing&$,|
testnet&$,|
thingies&$,|
think&$,|
time&$,|
timestamp&$,|
to&$,|
token&$,|
transaction&$,|
variables&$,|
wasm&$,|
we&$,|
web3.eth.getBalance&$,|
web3.eth.getBlock&$,|
web3.eth.getBlockNumber&$,|
web3js&$,|
apple&$,|967824448365412462
